{"cameraMode":{"drawMode":0,"name":"Shaded","section":"Shading Mode"},"sceneLighting":true,"audioPlay":false,"sceneViewState":{"showFog":true,"showMaterialUpdate":false,"showSkybox":true,"showFlares":true,"showImageEffects":true,"showParticleSystems":true,"showVisualEffectGraphs":true,"m_FxEnabled":false},"in2DMode":false,"pivot":{"x":2.1577155590057375,"y":8.241437911987305,"z":0.1456279307603836},"rotation":{"x":-0.29074886441230776,"y":0.42765140533447268,"z":-0.14697611331939698,"w":-0.8433158993721008},"size":0.7096577286720276,"orthographic":false}