{"cameraMode":{"drawMode":0,"name":"Shaded","section":"Shading Mode"},"sceneLighting":true,"audioPlay":false,"sceneViewState":{"showFog":true,"showMaterialUpdate":false,"showSkybox":true,"showFlares":true,"showImageEffects":true,"showParticleSystems":true,"showVisualEffectGraphs":true,"m_FxEnabled":false},"in2DMode":false,"pivot":{"x":-0.6296007633209229,"y":-421.4439392089844,"z":-0.7958027124404907},"rotation":{"x":0.3173007667064667,"y":-0.004247868899255991,"z":0.0008781350334174931,"w":0.9485599994659424},"size":464.1222229003906,"orthographic":false}