{"cameraMode":{"drawMode":0,"name":"Shaded","section":"Shading Mode"},"sceneLighting":true,"audioPlay":false,"sceneViewState":{"showFog":true,"showMaterialUpdate":false,"showSkybox":true,"showFlares":true,"showImageEffects":true,"showParticleSystems":true,"showVisualEffectGraphs":true,"m_FxEnabled":false},"in2DMode":false,"pivot":{"x":1.2572240829467774,"y":-12.313373565673829,"z":-13.386043548583985},"rotation":{"x":0.013151261955499649,"y":0.9024937152862549,"z":-0.4296371638774872,"w":0.02764255367219448},"size":13.608617782592774,"orthographic":false}