{"cameraMode":{"drawMode":0,"name":"Shaded","section":"Shading Mode"},"sceneLighting":true,"audioPlay":false,"sceneViewState":{"showFog":true,"showMaterialUpdate":false,"showSkybox":true,"showFlares":true,"showImageEffects":true,"showParticleSystems":true,"showVisualEffectGraphs":true,"m_FxEnabled":false},"in2DMode":false,"pivot":{"x":0.5389581322669983,"y":5.857893466949463,"z":-1.1457773447036744},"rotation":{"x":0.23493827879428864,"y":0.037973493337631229,"z":-0.00971638597548008,"w":0.9714588522911072},"size":0.7391161918640137,"orthographic":false}