{"cameraMode":{"drawMode":0,"name":"Shaded","section":"Shading Mode"},"sceneLighting":true,"audioPlay":false,"sceneViewState":{"showFog":true,"showMaterialUpdate":false,"showSkybox":true,"showFlares":true,"showImageEffects":true,"showParticleSystems":true,"showVisualEffectGraphs":true,"m_FxEnabled":false},"in2DMode":false,"pivot":{"x":0.6362478137016296,"y":6.146886348724365,"z":1.2899812459945679},"rotation":{"x":-0.038584720343351367,"y":0.9480704665184021,"z":-0.12306910008192063,"w":-0.29150956869125368},"size":0.7391161918640137,"orthographic":false}