{"cameraMode":{"drawMode":0,"name":"Shaded","section":"Shading Mode"},"sceneLighting":true,"audioPlay":false,"sceneViewState":{"showFog":true,"showMaterialUpdate":false,"showSkybox":true,"showFlares":true,"showImageEffects":true,"showParticleSystems":true,"showVisualEffectGraphs":true,"m_FxEnabled":false},"in2DMode":false,"pivot":{"x":2.3395204544067385,"y":5.23913049697876,"z":-2.282405376434326},"rotation":{"x":-0.08232728391885758,"y":0.21867157518863679,"z":-0.017775095999240876,"w":-0.9723565578460693},"size":0.40158361196517947,"orthographic":false}