{"cameraMode":{"drawMode":0,"name":"Shaded","section":"Shading Mode"},"sceneLighting":true,"audioPlay":false,"sceneViewState":{"showFog":true,"showMaterialUpdate":false,"showSkybox":true,"showFlares":true,"showImageEffects":true,"showParticleSystems":true,"showVisualEffectGraphs":true,"m_FxEnabled":false},"in2DMode":false,"pivot":{"x":-2.527628183364868,"y":-0.18905869126319886,"z":2.201941967010498},"rotation":{"x":-0.008821099065244198,"y":0.9599686861038208,"z":-0.27844688296318056,"w":-0.03049910068511963},"size":0.9379100799560547,"orthographic":false}