{"cameraMode":{"drawMode":0,"name":"Shaded","section":"Shading Mode"},"sceneLighting":true,"audioPlay":false,"sceneViewState":{"showFog":true,"showMaterialUpdate":false,"showSkybox":true,"showFlares":true,"showImageEffects":true,"showParticleSystems":true,"showVisualEffectGraphs":true,"m_FxEnabled":false},"in2DMode":false,"pivot":{"x":0.08791444450616837,"y":6.097082614898682,"z":-1.718322515487671},"rotation":{"x":-0.048916883766651157,"y":-0.17313368618488313,"z":0.00933733768761158,"w":-0.9838493466377258},"size":1.0015835762023926,"orthographic":false}