{"cameraMode":{"drawMode":0,"name":"Shaded","section":"Shading Mode"},"sceneLighting":false,"audioPlay":false,"sceneViewState":{"showFog":true,"showMaterialUpdate":false,"showSkybox":false,"showFlares":true,"showImageEffects":true,"showParticleSystems":true,"showVisualEffectGraphs":true,"m_FxEnabled":false},"in2DMode":false,"pivot":{"x":1.2956719398498536,"y":5.330999851226807,"z":-0.9670000076293945},"rotation":{"x":0.013710582628846169,"y":0.6626608371734619,"z":-0.012135501019656659,"w":0.7487573623657227},"size":0.24754633009433747,"orthographic":false}