{"cameraMode":{"drawMode":0,"name":"Shaded","section":"Shading Mode"},"sceneLighting":false,"audioPlay":false,"sceneViewState":{"showFog":true,"showMaterialUpdate":false,"showSkybox":false,"showFlares":true,"showImageEffects":true,"showParticleSystems":true,"showVisualEffectGraphs":true,"m_FxEnabled":false},"in2DMode":false,"pivot":{"x":1.727063775062561,"y":5.448037624359131,"z":-0.8597254753112793},"rotation":{"x":-0.019313551485538484,"y":0.3594854772090912,"z":0.007417844608426094,"w":0.9329492449760437},"size":0.2780856192111969,"orthographic":false}