{"cameraMode":{"drawMode":0,"name":"Shaded","section":"Shading Mode"},"sceneLighting":false,"audioPlay":false,"sceneViewState":{"showFog":true,"showMaterialUpdate":false,"showSkybox":false,"showFlares":true,"showImageEffects":true,"showParticleSystems":true,"showVisualEffectGraphs":true,"m_FxEnabled":false},"in2DMode":false,"pivot":{"x":0.017989739775657655,"y":0.00012700259685516357,"z":0.01804707944393158},"rotation":{"x":-0.20616237819194795,"y":0.15854954719543458,"z":-0.033083993941545489,"w":-0.9652232527732849},"size":0.8660253882408142,"orthographic":false}