{"cameraMode":{"drawMode":0,"name":"Shaded","section":"Shading Mode"},"sceneLighting":false,"audioPlay":false,"sceneViewState":{"showFog":true,"showMaterialUpdate":false,"showSkybox":false,"showFlares":true,"showImageEffects":true,"showParticleSystems":true,"showVisualEffectGraphs":true,"m_FxEnabled":false},"in2DMode":false,"pivot":{"x":0.00030115945264697075,"y":-0.0012517948634922505,"z":0.00015680470096413046},"rotation":{"x":-0.010241921059787274,"y":-0.9577361345291138,"z":0.041103996336460116,"w":-0.28604260087013247},"size":0.00608589593321085,"orthographic":false}