{"cameraMode":{"drawMode":0,"name":"Shaded","section":"Shading Mode"},"sceneLighting":false,"audioPlay":false,"sceneViewState":{"showFog":true,"showMaterialUpdate":false,"showSkybox":false,"showFlares":true,"showImageEffects":true,"showParticleSystems":true,"showVisualEffectGraphs":true,"m_FxEnabled":false},"in2DMode":false,"pivot":{"x":-0.022544672712683679,"y":5.324878692626953,"z":0.031943075358867648},"rotation":{"x":-0.15575164556503297,"y":-0.6797261238098145,"z":0.15194380283355714,"w":-0.7006847262382507},"size":0.24067819118499757,"orthographic":false}