{"cameraMode":{"drawMode":0,"name":"Shaded","section":"Shading Mode"},"sceneLighting":false,"audioPlay":false,"sceneViewState":{"showFog":true,"showMaterialUpdate":false,"showSkybox":false,"showFlares":true,"showImageEffects":true,"showParticleSystems":true,"showVisualEffectGraphs":true,"m_FxEnabled":false},"in2DMode":false,"pivot":{"x":0.3373275697231293,"y":5.352471828460693,"z":0.052865833044052127},"rotation":{"x":0.009284885600209237,"y":-0.16402491927146913,"z":0.0009103573975153267,"w":0.9865800142288208},"size":0.1612241268157959,"orthographic":false}