{"cameraMode":{"drawMode":0,"name":"Shaded","section":"Shading Mode"},"sceneLighting":false,"audioPlay":false,"sceneViewState":{"showFog":true,"showMaterialUpdate":false,"showSkybox":false,"showFlares":true,"showImageEffects":true,"showParticleSystems":true,"showVisualEffectGraphs":true,"m_FxEnabled":false},"in2DMode":false,"pivot":{"x":0.39586174488067629,"y":5.307801246643066,"z":0.6171970963478088},"rotation":{"x":-0.06333013623952866,"y":0.21896865963935853,"z":-0.013607355765998364,"w":-0.973754346370697},"size":0.16122418642044068,"orthographic":false}