{"cameraMode":{"drawMode":0,"name":"Shaded","section":"Shading Mode"},"sceneLighting":false,"audioPlay":false,"sceneViewState":{"showFog":true,"showMaterialUpdate":false,"showSkybox":false,"showFlares":true,"showImageEffects":true,"showParticleSystems":true,"showVisualEffectGraphs":true,"m_FxEnabled":false},"in2DMode":false,"pivot":{"x":0.17323604226112367,"y":5.747515678405762,"z":0.5157552361488342},"rotation":{"x":0.12835215032100678,"y":-0.6753038167953491,"z":0.12098923325538635,"w":0.7161785960197449},"size":0.3536948561668396,"orthographic":false}