{"cameraMode":{"drawMode":0,"name":"Shaded","section":"Shading Mode"},"sceneLighting":false,"audioPlay":false,"sceneViewState":{"showFog":true,"showMaterialUpdate":false,"showSkybox":false,"showFlares":true,"showImageEffects":true,"showParticleSystems":true,"showVisualEffectGraphs":true,"m_FxEnabled":false},"in2DMode":false,"pivot":{"x":0.3242591917514801,"y":5.433358192443848,"z":0.5092545747756958},"rotation":{"x":0.009234187193214894,"y":-0.7894952893257141,"z":-0.011672514490783215,"w":-0.6136114597320557},"size":0.021916016936302186,"orthographic":false}